Index,Name,Country code,Parent code,1950-1955,1955-1960,1960-1965,1965-1970,1970-1975,1975-1980,1980-1985,1985-1990,1990-1995,1995-2000,2000-2005,2005-2010,2010-2015,2015-2020,2020-2025,2025-2030,2030-2035,2035-2040,2040-2045,2045-2050,2050-2055,2055-2060,2060-2065,2065-2070,2070-2075,2075-2080,2080-2085,2085-2090,2090-2095,2095-2100
116,Afghanistan,4,5501,7.45,7.45,7.45,7.45,7.45,7.45,7.45,7.47,7.48,7.65,7.18,6.48,5.45,4.56,3.85,3.30,2.91,2.63,2.43,2.26,2.13,2.02,1.93,1.86,1.81,1.77,1.75,1.73,1.72,1.72
233,Albania,8,925,6.23,6.55,6.23,5.26,4.60,3.90,3.41,3.15,2.79,2.38,1.95,1.64,1.71,1.62,1.54,1.49,1.46,1.47,1.49,1.51,1.53,1.56,1.58,1.60,1.62,1.64,1.65,1.67,1.68,1.69
82,Algeria,12,912,7.28,7.38,7.65,7.65,7.57,7.18,6.32,5.30,4.12,2.89,2.38,2.72,2.96,3.05,2.79,2.59,2.43,2.31,2.21,2.13,2.06,2.01,1.98,1.94,1.92,1.90,1.88,1.87,1.85,1.84
48,Angola,24,911,6.00,6.50,6.90,7.30,7.50,7.46,7.46,7.40,7.10,6.75,6.55,6.35,6.00,5.55,5.21,4.90,4.62,4.34,4.11,3.88,3.68,3.51,3.35,3.20,3.08,2.96,2.85,2.76,2.67,2.58
149,Antigua and Barbuda,28,915,4.50,4.50,4.30,4.00,3.26,2.24,2.14,2.07,2.09,2.20,2.16,2.00,2.00,2.00,1.95,1.91,1.87,1.85,1.82,1.80,1.79,1.78,1.77,1.77,1.76,1.76,1.76,1.76,1.76,1.76
91,Azerbaijan,31,922,5.20,5.60,6.00,5.40,4.60,3.80,3.30,3.20,2.90,2.25,1.90,1.83,2.09,2.08,1.99,1.92,1.86,1.82,1.79,1.77,1.75,1.74,1.74,1.73,1.74,1.73,1.73,1.74,1.74,1.74
176,Argentina,32,931,3.15,3.13,3.09,3.05,3.15,3.40,3.15,3.05,2.91,2.63,2.48,2.37,2.33,2.27,2.20,2.14,2.08,2.02,1.97,1.93,1.90,1.87,1.85,1.83,1.82,1.81,1.80,1.79,1.78,1.78
190,Australia,36,927,3.18,3.41,3.27,2.87,2.54,1.99,1.91,1.86,1.86,1.79,1.77,1.95,1.89,1.83,1.78,1.76,1.75,1.73,1.72,1.72,1.72,1.72,1.72,1.72,1.73,1.73,1.73,1.74,1.74,1.74
246,Austria,40,926,2.10,2.57,2.78,2.57,2.04,1.65,1.60,1.45,1.48,1.39,1.38,1.40,1.45,1.53,1.57,1.60,1.63,1.65,1.67,1.68,1.69,1.71,1.72,1.72,1.73,1.73,1.74,1.74,1.74,1.74
151,Bahamas,44,915,4.05,4.31,4.50,3.58,3.54,2.95,3.05,2.65,2.64,2.33,1.87,1.91,1.81,1.76,1.71,1.68,1.66,1.66,1.66,1.66,1.66,1.67,1.67,1.68,1.69,1.69,1.70,1.71,1.71,1.72
92,Bahrain,48,922,6.97,6.97,7.17,6.97,5.95,5.23,4.63,4.08,3.40,2.95,2.65,2.25,2.12,2.00,1.89,1.80,1.72,1.67,1.64,1.62,1.61,1.62,1.62,1.63,1.64,1.65,1.66,1.67,1.68,1.69
117,Bangladesh,50,5501,6.36,6.62,6.80,6.92,6.91,6.63,5.98,4.98,4.06,3.43,2.94,2.48,2.21,2.05,1.93,1.82,1.74,1.68,1.64,1.63,1.62,1.62,1.63,1.64,1.65,1.66,1.67,1.68,1.69,1.70
90,Armenia,51,922,4.49,4.90,4.45,3.45,3.04,2.60,2.50,2.60,2.38,1.75,1.65,1.72,1.72,1.76,1.76,1.76,1.76,1.77,1.77,1.77,1.77,1.77,1.78,1.77,1.78,1.78,1.78,1.78,1.78,1.78
152,Barbados,52,915,4.42,4.30,4.27,3.53,2.72,2.16,1.92,1.77,1.73,1.74,1.80,1.75,1.63,1.62,1.64,1.66,1.67,1.68,1.69,1.70,1.71,1.72,1.72,1.72,1.73,1.73,1.73,1.73,1.73,1.73
247,Belgium,56,926,2.37,2.50,2.65,2.39,2.01,1.70,1.60,1.56,1.61,1.60,1.68,1.82,1.78,1.71,1.73,1.74,1.75,1.75,1.76,1.76,1.76,1.77,1.77,1.77,1.77,1.78,1.78,1.78,1.78,1.78
118,Bhutan,64,5501,6.67,6.67,6.60,6.60,6.60,6.60,6.35,5.90,5.00,4.00,3.10,2.55,2.12,2.00,1.87,1.76,1.68,1.63,1.60,1.59,1.60,1.60,1.62,1.63,1.64,1.66,1.67,1.68,1.69,1.70
177,Bolivia (Plurinational State of),68,931,6.50,6.40,6.30,6.10,5.90,5.65,5.30,5.07,4.68,4.25,3.85,3.40,3.05,2.75,2.58,2.44,2.32,2.23,2.14,2.07,2.00,1.96,1.91,1.87,1.84,1.81,1.80,1.78,1.77,1.76
234,Bosnia and Herzegovina,70,925,4.82,3.97,3.68,3.14,2.73,2.27,2.02,1.86,1.70,1.68,1.32,1.31,1.31,1.27,1.22,1.21,1.26,1.31,1.37,1.42,1.47,1.51,1.54,1.57,1.60,1.62,1.64,1.65,1.67,1.68
58,Botswana,72,913,6.50,6.58,6.65,6.70,6.55,6.35,5.95,4.90,4.13,3.49,3.19,3.03,3.01,2.89,2.69,2.53,2.39,2.27,2.18,2.09,2.03,1.97,1.93,1.90,1.87,1.84,1.83,1.81,1.81,1.80
178,Brazil,76,931,6.10,6.06,5.97,5.34,4.63,4.24,3.80,3.14,2.72,2.47,2.13,1.86,1.77,1.74,1.67,1.61,1.58,1.56,1.56,1.57,1.58,1.59,1.61,1.62,1.64,1.65,1.66,1.67,1.68,1.69
167,Belize,84,916,6.65,6.55,6.45,6.35,6.25,6.20,5.40,4.70,4.35,3.85,3.35,2.84,2.58,2.32,2.19,2.08,1.99,1.91,1.85,1.80,1.76,1.73,1.72,1.71,1.70,1.70,1.70,1.70,1.71,1.71
197,Solomon Islands,90,928,6.40,6.40,6.40,6.54,7.24,7.04,6.43,6.13,5.53,4.91,4.60,4.40,4.44,4.44,4.15,3.90,3.68,3.49,3.32,3.17,3.04,2.91,2.81,2.70,2.61,2.52,2.44,2.36,2.28,2.21
136,Brunei Darussalam,96,920,6.90,6.89,6.66,5.90,5.49,4.45,3.79,3.47,3.08,2.51,2.22,1.88,2.02,1.85,1.76,1.69,1.63,1.61,1.59,1.59,1.59,1.61,1.62,1.63,1.64,1.66,1.67,1.68,1.68,1.69
211,Bulgaria,100,923,2.53,2.30,2.22,2.13,2.16,2.19,2.01,1.95,1.55,1.20,1.25,1.52,1.52,1.56,1.61,1.65,1.68,1.70,1.72,1.73,1.74,1.75,1.76,1.76,1.76,1.76,1.77,1.77,1.77,1.78
141,Myanmar,104,920,6.00,6.00,6.10,6.10,5.74,5.15,4.60,3.78,3.20,2.95,2.80,2.50,2.25,2.17,2.07,1.99,1.92,1.86,1.82,1.79,1.76,1.75,1.74,1.73,1.73,1.73,1.73,1.73,1.73,1.74
27,Burundi,108,910,6.80,6.86,7.05,7.23,7.26,7.40,7.38,7.46,7.30,7.05,6.77,6.39,5.95,5.45,5.04,4.68,4.34,4.04,3.76,3.52,3.31,3.14,2.98,2.84,2.71,2.60,2.50,2.41,2.33,2.25
210,Belarus,112,923,2.61,2.73,2.59,2.28,2.25,2.09,2.09,2.08,1.68,1.31,1.26,1.44,1.65,1.71,1.74,1.75,1.76,1.77,1.78,1.79,1.79,1.80,1.80,1.80,1.80,1.80,1.80,1.80,1.81,1.81
137,Cambodia,116,920,6.95,6.95,6.95,6.70,6.16,5.42,6.37,5.99,5.13,4.25,3.44,3.08,2.70,2.52,2.39,2.29,2.19,2.11,2.03,1.98,1.92,1.88,1.84,1.81,1.79,1.77,1.75,1.75,1.74,1.74
49,Cameroon,120,911,5.49,5.53,5.81,6.09,6.31,6.50,6.70,6.60,6.22,5.75,5.45,5.25,4.95,4.60,4.29,4.02,3.77,3.56,3.36,3.20,3.05,2.92,2.81,2.70,2.61,2.52,2.43,2.36,2.28,2.22
254,Canada,124,918,3.65,3.88,3.68,2.61,1.98,1.73,1.63,1.62,1.69,1.56,1.52,1.64,1.60,1.53,1.48,1.48,1.50,1.52,1.55,1.57,1.59,1.61,1.63,1.65,1.66,1.67,1.68,1.69,1.70,1.71
66,Cabo Verde,132,914,6.57,6.76,6.97,6.97,6.86,6.62,6.10,5.63,5.05,3.94,3.23,2.71,2.50,2.29,2.15,2.04,1.95,1.88,1.82,1.78,1.75,1.74,1.72,1.72,1.71,1.71,1.72,1.72,1.72,1.73
50,Central African Republic,140,911,5.52,5.75,5.90,5.95,5.95,5.90,5.90,5.90,5.70,5.55,5.45,5.30,5.10,4.75,4.38,4.00,3.64,3.31,3.03,2.81,2.63,2.48,2.36,2.26,2.18,2.11,2.04,1.99,1.95,1.91
124,Sri Lanka,144,5501,5.80,5.80,5.20,4.70,4.00,3.61,3.19,2.64,2.38,2.24,2.26,2.28,2.21,2.21,2.13,2.06,1.99,1.94,1.90,1.87,1.84,1.82,1.80,1.79,1.78,1.78,1.77,1.77,1.77,1.77
51,Chad,148,911,6.10,6.20,6.30,6.40,6.67,6.87,7.04,7.21,7.39,7.41,7.24,6.85,6.31,5.80,5.32,4.88,4.48,4.12,3.82,3.54,3.31,3.12,2.95,2.81,2.68,2.57,2.46,2.37,2.28,2.20
179,Chile,152,931,4.85,4.75,4.58,4.08,3.47,2.94,2.63,2.60,2.52,2.20,1.95,1.90,1.85,1.65,1.60,1.57,1.57,1.57,1.58,1.59,1.60,1.61,1.63,1.64,1.66,1.67,1.68,1.69,1.69,1.70
127,China,156,906,6.11,5.48,6.15,6.30,4.85,3.01,2.52,2.73,1.83,1.62,1.61,1.62,1.64,1.69,1.70,1.72,1.73,1.73,1.74,1.75,1.75,1.76,1.76,1.76,1.76,1.77,1.77,1.77,1.77,1.77
130,"China, Taiwan Province of China",158,906,6.72,6.14,5.41,4.38,3.33,2.74,2.23,1.77,1.76,1.67,1.33,1.05,1.11,1.15,1.24,1.31,1.37,1.42,1.46,1.50,1.53,1.56,1.58,1.60,1.62,1.63,1.65,1.66,1.67,1.67
180,Colombia,170,931,6.51,6.68,6.64,5.86,4.72,4.16,3.58,3.17,3.01,2.70,2.44,2.10,1.92,1.82,1.73,1.66,1.62,1.61,1.60,1.62,1.62,1.63,1.64,1.66,1.67,1.68,1.69,1.70,1.70,1.71
28,Comoros,174,910,6.00,6.60,6.91,7.05,7.05,7.05,7.05,6.70,6.10,5.60,5.20,4.90,4.60,4.24,3.93,3.66,3.43,3.23,3.06,2.91,2.77,2.66,2.55,2.46,2.36,2.28,2.20,2.13,2.07,2.01
36,Mayotte,175,910,7.91,7.91,7.91,7.91,7.91,7.91,7.35,6.73,5.25,5.08,4.80,4.60,4.10,3.73,3.44,3.19,2.98,2.81,2.65,2.51,2.38,2.27,2.17,2.09,2.01,1.95,1.91,1.87,1.84,1.82
52,Congo,178,911,5.68,5.79,5.99,6.19,6.30,6.25,5.80,5.30,5.00,4.90,4.85,4.80,4.70,4.45,4.19,3.96,3.76,3.57,3.42,3.27,3.14,3.02,2.92,2.81,2.73,2.65,2.57,2.49,2.42,2.35
53,Democratic Republic of the Congo,180,911,5.98,5.98,6.04,6.15,6.29,6.46,6.60,6.71,6.77,6.77,6.72,6.63,6.40,5.96,5.46,4.98,4.52,4.11,3.75,3.43,3.17,2.96,2.78,2.63,2.50,2.39,2.29,2.20,2.13,2.07
168,Costa Rica,188,916,6.12,6.65,6.50,5.26,4.06,3.70,3.50,3.41,3.07,2.61,2.15,1.94,1.85,1.76,1.68,1.62,1.61,1.61,1.61,1.62,1.64,1.65,1.66,1.67,1.68,1.69,1.70,1.71,1.71,1.72
235,Croatia,191,925,2.73,2.38,2.22,2.00,1.98,1.90,1.87,1.72,1.52,1.62,1.41,1.52,1.49,1.45,1.41,1.41,1.44,1.47,1.51,1.54,1.56,1.59,1.61,1.63,1.65,1.66,1.68,1.69,1.70,1.71
153,Cuba,192,915,4.15,3.70,4.68,4.18,3.55,2.15,1.85,1.85,1.58,1.61,1.59,1.58,1.71,1.62,1.57,1.56,1.56,1.57,1.59,1.61,1.62,1.63,1.65,1.66,1.67,1.68,1.69,1.70,1.71,1.72
93,Cyprus,196,922,3.71,3.50,3.44,2.80,2.49,2.29,2.45,2.43,2.33,1.89,1.59,1.48,1.38,1.34,1.30,1.30,1.34,1.39,1.43,1.47,1.51,1.54,1.57,1.60,1.62,1.64,1.65,1.66,1.68,1.69
212,Czechia,203,923,2.74,2.38,2.21,1.96,2.21,2.36,1.97,1.90,1.65,1.17,1.19,1.43,1.48,1.64,1.68,1.71,1.73,1.75,1.76,1.77,1.77,1.78,1.78,1.79,1.79,1.79,1.79,1.80,1.80,1.80
64,Benin,204,914,5.86,6.13,6.42,6.65,6.83,7.00,7.01,6.88,6.56,6.16,5.78,5.49,5.22,4.87,4.54,4.26,4.00,3.77,3.56,3.37,3.21,3.07,2.94,2.83,2.73,2.63,2.54,2.46,2.38,2.30
222,Denmark,208,924,2.55,2.55,2.58,2.27,1.96,1.68,1.43,1.54,1.75,1.76,1.76,1.85,1.73,1.76,1.77,1.78,1.78,1.79,1.79,1.79,1.79,1.80,1.80,1.80,1.80,1.80,1.80,1.80,1.80,1.80
155,Dominican Republic,214,915,7.60,7.64,7.35,6.65,5.68,4.76,4.07,3.58,3.27,2.95,2.75,2.57,2.45,2.36,2.23,2.12,2.03,1.95,1.88,1.83,1.80,1.78,1.76,1.75,1.74,1.74,1.74,1.74,1.74,1.74
181,Ecuador,218,931,6.75,6.75,6.65,6.40,5.80,5.05,4.45,3.97,3.55,3.27,2.94,2.69,2.56,2.44,2.32,2.22,2.13,2.05,1.98,1.92,1.87,1.84,1.81,1.79,1.77,1.76,1.75,1.75,1.74,1.74
169,El Salvador,222,916,6.36,6.60,6.67,6.36,5.95,5.44,4.75,4.17,3.78,3.34,2.72,2.40,2.17,2.05,1.96,1.87,1.81,1.76,1.72,1.69,1.67,1.66,1.66,1.66,1.66,1.67,1.68,1.68,1.69,1.70
54,Equatorial Guinea,226,911,5.67,5.65,5.67,5.79,5.80,5.79,5.89,5.98,5.97,5.94,5.69,5.40,4.99,4.55,4.15,3.79,3.47,3.21,2.99,2.80,2.65,2.52,2.41,2.31,2.23,2.15,2.08,2.02,1.97,1.94
31,Ethiopia,231,910,7.17,6.90,6.90,6.87,7.10,7.18,7.42,7.37,7.09,6.83,6.18,5.45,4.85,4.30,3.82,3.43,3.11,2.86,2.68,2.51,2.38,2.26,2.16,2.08,2.01,1.95,1.90,1.86,1.83,1.80
30,Eritrea,232,910,6.97,6.97,6.82,6.70,6.62,6.62,6.70,6.60,6.30,5.60,5.10,4.80,4.35,4.10,3.76,3.49,3.25,3.05,2.88,2.74,2.61,2.51,2.40,2.31,2.23,2.15,2.09,2.02,1.97,1.93
223,Estonia,233,924,2.06,1.99,1.94,2.02,2.15,2.06,2.09,2.20,1.63,1.33,1.39,1.66,1.59,1.59,1.63,1.67,1.69,1.71,1.73,1.74,1.75,1.75,1.76,1.76,1.76,1.77,1.77,1.77,1.77,1.77
194,Fiji,242,928,6.63,6.79,5.95,5.00,4.20,4.00,3.80,3.47,3.35,3.19,2.98,2.75,2.79,2.79,2.65,2.53,2.43,2.33,2.24,2.16,2.10,2.04,1.99,1.95,1.92,1.89,1.86,1.85,1.83,1.82
224,Finland,246,924,3.00,2.77,2.66,2.19,1.62,1.66,1.69,1.66,1.82,1.74,1.75,1.84,1.77,1.53,1.42,1.43,1.49,1.53,1.57,1.60,1.62,1.63,1.65,1.66,1.67,1.67,1.68,1.69,1.69,1.70
248,France,250,926,2.76,2.70,2.85,2.65,2.31,1.86,1.86,1.80,1.71,1.76,1.88,1.98,1.98,1.85,1.85,1.84,1.84,1.84,1.83,1.83,1.83,1.83,1.83,1.83,1.83,1.83,1.83,1.83,1.83,1.83
182,French Guiana,254,931,5.00,4.92,5.02,5.00,4.18,3.30,3.58,3.73,4.05,3.93,3.65,3.60,3.42,3.36,3.19,3.04,2.92,2.81,2.72,2.64,2.56,2.48,2.41,2.35,2.28,2.21,2.16,2.11,2.06,2.03
204,French Polynesia,258,957,6.00,5.86,5.44,5.20,4.86,4.23,3.82,3.64,3.11,2.61,2.36,2.17,2.04,1.95,1.88,1.82,1.78,1.74,1.71,1.69,1.68,1.68,1.68,1.68,1.68,1.68,1.69,1.69,1.70,1.70
29,Djibouti,262,910,6.31,6.39,6.55,6.71,6.85,6.64,6.45,6.18,5.85,4.81,4.21,3.55,3.10,2.76,2.52,2.34,2.20,2.08,1.99,1.92,1.85,1.81,1.78,1.75,1.74,1.73,1.72,1.72,1.72,1.73
55,Gabon,266,911,3.99,4.20,4.59,4.93,5.23,5.57,5.72,5.58,5.25,4.77,4.35,4.20,4.10,4.00,3.71,3.47,3.25,3.07,2.91,2.78,2.67,2.57,2.47,2.39,2.31,2.24,2.17,2.12,2.06,2.02
94,Georgia,268,922,2.75,2.91,2.93,2.80,2.60,2.39,2.27,2.26,2.05,1.72,1.58,1.80,2.00,2.06,2.02,1.98,1.94,1.91,1.89,1.88,1.86,1.85,1.84,1.83,1.82,1.81,1.81,1.80,1.80,1.80
68,Gambia,270,914,6.35,6.30,6.20,6.20,6.20,6.40,6.30,6.15,6.05,5.95,5.80,5.65,5.50,5.25,4.90,4.54,4.16,3.81,3.48,3.19,2.94,2.74,2.58,2.44,2.33,2.24,2.16,2.09,2.03,1.99
103,State of Palestine,275,922,7.38,7.38,8.00,8.00,7.69,7.50,7.05,6.76,6.60,5.81,5.02,4.60,4.25,3.67,3.36,3.10,2.89,2.72,2.58,2.46,2.35,2.26,2.18,2.10,2.03,1.97,1.93,1.89,1.86,1.84
249,Germany,276,926,2.13,2.27,2.47,2.36,1.71,1.51,1.46,1.43,1.30,1.35,1.35,1.36,1.43,1.59,1.61,1.63,1.65,1.67,1.68,1.69,1.70,1.71,1.72,1.72,1.73,1.73,1.74,1.74,1.74,1.74
69,Ghana,288,914,6.44,6.64,6.84,6.95,6.90,6.69,6.35,5.88,5.34,5.02,4.64,4.37,4.18,3.89,3.65,3.43,3.24,3.08,2.94,2.81,2.70,2.60,2.51,2.42,2.35,2.27,2.20,2.13,2.08,2.02
201,Kiribati,296,954,6.10,6.60,6.78,6.04,5.00,5.10,5.00,4.80,4.55,4.20,3.96,3.88,3.79,3.58,3.41,3.25,3.12,2.99,2.88,2.78,2.68,2.60,2.51,2.44,2.36,2.29,2.23,2.17,2.11,2.06
236,Greece,300,925,2.48,2.42,2.29,2.55,2.53,2.42,2.06,1.53,1.38,1.31,1.29,1.42,1.34,1.30,1.26,1.27,1.32,1.37,1.42,1.46,1.50,1.54,1.56,1.59,1.61,1.63,1.65,1.66,1.67,1.69
156,Grenada,308,915,5.80,6.70,6.40,4.80,4.60,4.30,4.23,4.14,3.46,2.81,2.43,2.30,2.18,2.07,1.98,1.90,1.84,1.80,1.77,1.75,1.73,1.73,1.72,1.72,1.72,1.72,1.73,1.73,1.73,1.74
157,Guadeloupe,312,915,5.61,5.61,5.61,5.22,4.49,3.52,2.55,2.45,2.10,2.10,2.19,2.25,2.19,2.17,2.09,2.04,2.00,1.95,1.91,1.89,1.87,1.85,1.84,1.83,1.82,1.81,1.81,1.80,1.80,1.80
200,Guam,316,954,5.53,5.83,6.03,4.72,4.12,3.52,3.08,3.14,2.88,2.88,2.74,2.54,2.45,2.32,2.24,2.16,2.09,2.03,1.97,1.93,1.90,1.87,1.85,1.83,1.82,1.80,1.80,1.79,1.79,1.78
170,Guatemala,320,916,7.12,6.99,6.80,6.70,6.58,6.46,6.16,5.58,5.31,4.83,4.33,3.62,3.19,2.90,2.67,2.50,2.37,2.25,2.15,2.07,2.00,1.94,1.89,1.86,1.83,1.80,1.78,1.78,1.76,1.76
70,Guinea,324,914,6.00,6.07,6.15,6.21,6.29,6.45,6.59,6.63,6.51,6.24,5.91,5.54,5.13,4.74,4.38,4.06,3.77,3.51,3.29,3.11,2.95,2.80,2.69,2.58,2.48,2.39,2.30,2.23,2.16,2.10
183,Guyana,328,931,6.04,6.45,6.15,5.70,4.99,4.06,3.64,3.13,3.08,3.05,2.95,2.73,2.60,2.47,2.37,2.27,2.19,2.11,2.04,1.99,1.94,1.90,1.87,1.85,1.83,1.82,1.81,1.80,1.79,1.79
158,Haiti,332,915,6.30,6.30,6.30,6.00,5.60,5.80,6.21,5.70,5.15,4.62,4.08,3.62,3.26,2.96,2.74,2.57,2.43,2.31,2.21,2.13,2.05,1.98,1.93,1.89,1.85,1.82,1.80,1.78,1.77,1.76
171,Honduras,340,916,7.50,7.50,7.42,7.42,7.05,6.60,6.00,5.37,4.92,4.56,3.87,3.24,2.73,2.49,2.32,2.19,2.08,1.99,1.92,1.86,1.81,1.78,1.75,1.73,1.72,1.71,1.71,1.71,1.71,1.71
128,"China, Hong Kong SAR",344,906,4.44,4.72,5.05,3.65,3.01,2.23,1.72,1.36,1.26,1.06,0.95,1.04,1.20,1.33,1.41,1.48,1.54,1.58,1.62,1.65,1.67,1.69,1.70,1.71,1.73,1.73,1.74,1.74,1.75,1.75
213,Hungary,348,923,2.69,2.32,1.81,1.98,2.04,2.25,1.81,1.82,1.74,1.38,1.30,1.33,1.33,1.49,1.54,1.58,1.61,1.63,1.66,1.67,1.69,1.70,1.71,1.72,1.73,1.73,1.74,1.74,1.74,1.75
225,Iceland,352,924,3.86,4.17,3.94,3.24,2.87,2.45,2.23,2.12,2.19,2.06,1.99,2.13,1.98,1.77,1.72,1.69,1.68,1.67,1.67,1.67,1.67,1.68,1.69,1.69,1.70,1.71,1.71,1.71,1.72,1.72
119,India,356,5501,5.90,5.90,5.89,5.72,5.41,4.97,4.68,4.27,3.83,3.48,3.14,2.80,2.40,2.24,2.14,2.05,1.98,1.92,1.86,1.82,1.79,1.76,1.74,1.73,1.72,1.71,1.71,1.71,1.71,1.71
138,Indonesia,360,920,5.49,5.67,5.62,5.57,5.30,4.73,4.11,3.40,2.90,2.55,2.53,2.50,2.45,2.32,2.22,2.14,2.07,2.00,1.95,1.91,1.88,1.85,1.83,1.82,1.81,1.80,1.79,1.78,1.78,1.78
120,Iran (Islamic Republic of),364,5501,6.91,6.91,6.91,6.68,6.24,6.28,6.53,5.62,3.70,2.40,1.92,1.82,1.91,2.15,2.09,2.04,2.00,1.97,1.94,1.92,1.90,1.88,1.87,1.86,1.85,1.84,1.84,1.83,1.82,1.82
95,Iraq,368,922,7.30,6.20,6.60,7.40,7.15,6.80,6.35,6.09,5.65,5.19,4.71,4.40,4.25,3.68,3.45,3.24,3.07,2.91,2.78,2.67,2.56,2.47,2.38,2.30,2.23,2.16,2.09,2.03,1.99,1.95
226,Ireland,372,924,3.42,3.58,4.01,3.86,3.73,3.25,2.83,2.26,1.96,1.90,1.93,2.00,1.97,1.84,1.79,1.75,1.72,1.70,1.69,1.69,1.69,1.69,1.69,1.69,1.70,1.70,1.71,1.71,1.71,1.72
96,Israel,376,922,4.28,3.89,3.85,3.78,3.81,3.47,3.13,3.07,2.93,2.93,2.91,2.93,3.04,3.04,2.93,2.82,2.72,2.63,2.55,2.47,2.39,2.32,2.25,2.19,2.13,2.08,2.04,2.00,1.96,1.94
237,Italy,380,925,2.36,2.29,2.50,2.50,2.32,1.89,1.52,1.35,1.27,1.22,1.31,1.44,1.42,1.33,1.30,1.33,1.38,1.42,1.46,1.49,1.51,1.53,1.55,1.57,1.58,1.60,1.61,1.61,1.62,1.63
67,Côte d'Ivoire,384,914,7.45,7.62,7.76,7.90,7.93,7.81,7.31,6.85,6.41,6.05,5.68,5.25,4.95,4.68,4.40,4.15,3.92,3.72,3.54,3.38,3.23,3.09,2.97,2.86,2.76,2.66,2.57,2.48,2.40,2.33
159,Jamaica,388,915,4.22,5.08,5.64,5.78,5.00,4.00,3.55,3.10,2.84,2.70,2.45,2.28,2.08,1.99,1.91,1.86,1.81,1.78,1.76,1.75,1.74,1.73,1.73,1.73,1.73,1.73,1.73,1.74,1.74,1.74
132,Japan,392,906,2.96,2.17,2.03,2.04,2.13,1.83,1.76,1.65,1.48,1.37,1.30,1.34,1.41,1.37,1.37,1.40,1.45,1.49,1.52,1.55,1.57,1.59,1.60,1.62,1.63,1.64,1.65,1.66,1.66,1.67
110,Kazakhstan,398,5500,4.41,4.56,4.43,3.67,3.61,3.23,3.04,3.03,2.55,2.00,2.01,2.54,2.67,2.76,2.62,2.50,2.40,2.31,2.23,2.16,2.10,2.05,2.01,1.97,1.94,1.91,1.89,1.87,1.85,1.84
97,Jordan,400,922,7.38,7.38,8.00,8.00,7.79,7.38,7.05,6.02,5.06,4.30,4.00,3.80,3.40,2.77,2.58,2.41,2.26,2.14,2.03,1.95,1.88,1.83,1.79,1.76,1.74,1.73,1.73,1.72,1.73,1.72
32,Kenya,404,910,7.48,7.79,8.07,8.11,7.99,7.64,7.22,6.54,5.65,5.35,5.00,4.65,4.06,3.52,3.26,3.04,2.85,2.69,2.56,2.44,2.33,2.23,2.15,2.07,2.00,1.95,1.90,1.86,1.83,1.81
131,Dem. People's Republic of Korea,408,906,3.46,5.12,3.85,4.39,4.00,2.85,2.80,2.36,2.25,2.01,2.00,1.95,1.93,1.91,1.86,1.83,1.80,1.78,1.77,1.76,1.75,1.74,1.74,1.74,1.74,1.74,1.74,1.74,1.74,1.74
134,Republic of Korea,410,906,5.65,6.33,5.60,4.65,4.00,2.92,2.23,1.57,1.68,1.50,1.21,1.17,1.23,1.11,1.08,1.09,1.18,1.25,1.32,1.39,1.44,1.48,1.52,1.56,1.58,1.61,1.63,1.64,1.65,1.67
98,Kuwait,414,922,7.20,7.20,7.30,7.40,6.75,5.60,5.00,3.65,2.55,3.00,2.60,2.40,2.10,2.10,2.03,1.99,1.95,1.91,1.88,1.86,1.84,1.83,1.82,1.81,1.81,1.80,1.80,1.80,1.79,1.79
111,Kyrgyzstan,417,5500,4.36,5.20,5.55,5.21,5.12,4.59,4.20,4.06,3.64,2.96,2.50,2.78,3.30,3.00,2.83,2.70,2.58,2.48,2.40,2.32,2.25,2.18,2.12,2.07,2.03,1.99,1.95,1.92,1.90,1.88
139,Lao People's Democratic Republic,418,920,5.94,5.96,5.97,5.98,5.99,6.15,6.36,6.27,5.88,4.81,3.90,3.40,2.93,2.70,2.48,2.30,2.15,2.04,1.95,1.88,1.82,1.79,1.77,1.75,1.74,1.73,1.73,1.73,1.74,1.74
99,Lebanon,422,922,5.74,5.72,5.69,5.23,4.67,4.23,3.75,3.50,3.20,2.65,2.20,1.90,2.08,2.09,2.02,1.96,1.90,1.86,1.82,1.79,1.77,1.76,1.75,1.74,1.74,1.74,1.74,1.74,1.74,1.74
60,Lesotho,426,913,5.84,5.86,5.81,5.80,5.80,5.69,5.42,4.98,4.46,3.96,3.66,3.37,3.26,3.16,2.97,2.80,2.66,2.54,2.45,2.35,2.27,2.19,2.13,2.07,2.02,1.97,1.93,1.90,1.88,1.86
227,Latvia,428,924,2.00,1.95,1.88,1.84,2.00,1.89,2.03,2.16,1.63,1.17,1.29,1.49,1.50,1.72,1.74,1.76,1.77,1.78,1.78,1.79,1.80,1.80,1.80,1.80,1.80,1.80,1.81,1.80,1.81,1.81
72,Liberia,430,914,6.27,6.35,6.47,6.59,6.80,6.93,6.96,6.72,6.27,6.05,5.65,5.20,4.75,4.35,4.03,3.76,3.51,3.30,3.13,2.97,2.83,2.71,2.60,2.50,2.41,2.33,2.25,2.18,2.12,2.06
84,Libya,434,912,7.14,7.20,7.30,7.99,8.10,7.67,6.68,5.71,4.22,3.20,2.64,2.50,2.45,2.25,2.11,2.01,1.93,1.88,1.84,1.81,1.79,1.78,1.77,1.77,1.76,1.76,1.76,1.76,1.76,1.76
228,Lithuania,440,924,2.84,2.66,2.43,2.30,2.30,2.10,2.04,2.06,1.82,1.47,1.28,1.42,1.59,1.67,1.70,1.72,1.74,1.75,1.76,1.77,1.78,1.78,1.79,1.79,1.79,1.79,1.80,1.79,1.79,1.80
250,Luxembourg,442,926,1.98,2.23,2.40,2.19,1.72,1.49,1.47,1.47,1.66,1.72,1.65,1.62,1.55,1.45,1.41,1.44,1.49,1.52,1.55,1.58,1.60,1.61,1.63,1.64,1.65,1.66,1.66,1.67,1.68,1.68
129,"China, Macao SAR",446,906,4.39,4.81,4.41,2.74,1.79,1.41,2.06,2.00,1.41,1.12,0.85,0.98,1.19,1.20,1.30,1.38,1.44,1.49,1.54,1.58,1.60,1.63,1.65,1.67,1.68,1.69,1.70,1.71,1.71,1.72
33,Madagascar,450,910,7.30,7.30,7.30,7.30,7.20,6.95,6.50,6.25,6.10,5.80,5.28,4.83,4.40,4.11,3.85,3.63,3.42,3.25,3.10,2.96,2.84,2.73,2.63,2.54,2.46,2.38,2.30,2.23,2.16,2.10
34,Malawi,454,910,6.85,6.90,7.00,7.20,7.40,7.60,7.60,7.25,6.50,6.20,6.00,5.73,4.88,4.25,3.91,3.62,3.36,3.16,2.98,2.82,2.69,2.57,2.46,2.36,2.27,2.19,2.12,2.05,1.99,1.94
140,Malaysia,458,920,6.35,6.38,6.37,5.38,4.72,4.20,3.97,3.67,3.44,3.13,2.45,2.22,2.11,2.01,1.92,1.85,1.80,1.76,1.73,1.71,1.70,1.70,1.69,1.69,1.70,1.70,1.71,1.71,1.72,1.72
121,Maldives,462,5501,6.03,6.81,7.12,7.22,7.17,6.85,7.26,6.66,5.16,3.39,2.40,2.29,2.11,1.88,1.77,1.70,1.67,1.67,1.68,1.68,1.68,1.69,1.70,1.71,1.71,1.72,1.72,1.73,1.73,1.74
73,Mali,466,914,6.95,6.95,7.00,7.10,7.15,7.15,7.15,7.15,7.15,6.95,6.85,6.70,6.35,5.92,5.46,5.02,4.59,4.20,3.84,3.53,3.27,3.05,2.86,2.71,2.57,2.46,2.36,2.26,2.18,2.12
238,Malta,470,925,4.15,3.80,3.15,2.12,2.01,2.12,1.97,2.03,2.01,1.85,1.47,1.39,1.40,1.45,1.51,1.55,1.58,1.61,1.64,1.66,1.67,1.69,1.70,1.71,1.72,1.72,1.73,1.73,1.73,1.74
160,Martinique,474,915,5.71,5.71,5.45,5.00,4.08,2.65,2.14,2.14,1.96,1.90,1.93,2.04,1.98,1.88,1.83,1.80,1.79,1.78,1.77,1.76,1.76,1.76,1.76,1.75,1.76,1.76,1.76,1.76,1.76,1.76
74,Mauritania,478,914,6.34,6.71,6.79,6.79,6.75,6.57,6.30,6.05,5.72,5.52,5.30,5.07,4.88,4.59,4.32,4.09,3.87,3.67,3.49,3.33,3.19,3.06,2.95,2.85,2.75,2.67,2.58,2.50,2.43,2.36
35,Mauritius,480,910,5.90,5.90,6.20,4.61,3.47,3.11,2.30,2.31,2.25,2.03,1.93,1.70,1.49,1.39,1.35,1.34,1.38,1.43,1.47,1.50,1.54,1.57,1.60,1.62,1.64,1.65,1.67,1.68,1.69,1.70
172,Mexico,484,916,6.75,6.78,6.75,6.75,6.32,5.33,4.37,3.75,3.23,2.85,2.61,2.40,2.29,2.14,2.03,1.93,1.85,1.80,1.76,1.74,1.72,1.71,1.71,1.71,1.72,1.72,1.72,1.73,1.73,1.74
133,Mongolia,496,906,5.60,6.30,7.50,7.50,7.50,6.65,5.75,4.84,3.27,2.40,2.08,2.40,2.84,2.90,2.73,2.59,2.46,2.36,2.27,2.20,2.14,2.09,2.04,2.01,1.98,1.96,1.93,1.91,1.90,1.89
215,Republic of Moldova,498,923,3.50,3.44,3.15,2.66,2.56,2.44,2.55,2.64,2.11,1.70,1.24,1.27,1.28,1.26,1.31,1.36,1.40,1.44,1.47,1.50,1.52,1.55,1.56,1.58,1.59,1.61,1.62,1.63,1.64,1.64
239,Montenegro,499,925,4.35,3.80,3.42,2.89,2.62,2.31,2.21,2.11,2.05,1.91,1.85,1.82,1.71,1.75,1.74,1.74,1.73,1.73,1.72,1.73,1.73,1.73,1.73,1.73,1.74,1.74,1.74,1.74,1.75,1.75
85,Morocco,504,912,6.61,6.90,7.10,6.85,6.40,5.90,5.40,4.43,3.70,2.97,2.67,2.53,2.60,2.42,2.30,2.19,2.10,2.03,1.97,1.92,1.88,1.85,1.82,1.81,1.79,1.78,1.77,1.77,1.77,1.77
37,Mozambique,508,910,6.34,6.34,6.56,6.71,6.68,6.55,6.40,6.30,6.10,5.85,5.80,5.54,5.23,4.89,4.54,4.21,3.89,3.61,3.36,3.14,2.95,2.80,2.66,2.55,2.45,2.36,2.28,2.20,2.14,2.08
100,Oman,512,922,7.25,7.25,7.25,7.31,7.41,8.10,8.32,7.85,6.27,4.46,3.20,2.90,2.90,2.93,2.60,2.36,2.18,2.04,1.94,1.88,1.83,1.80,1.79,1.78,1.77,1.77,1.76,1.76,1.76,1.76
61,Namibia,516,913,6.00,6.10,6.20,6.30,6.60,6.46,6.20,5.55,4.89,4.26,3.60,3.61,3.63,3.42,3.17,2.97,2.80,2.66,2.54,2.43,2.33,2.24,2.17,2.10,2.04,1.99,1.95,1.91,1.88,1.86
122,Nepal,524,5501,5.96,5.96,5.96,5.96,5.87,5.80,5.62,5.33,4.97,4.41,3.49,2.81,2.32,1.93,1.80,1.69,1.62,1.58,1.55,1.55,1.56,1.57,1.59,1.61,1.62,1.64,1.65,1.67,1.68,1.69
251,Netherlands,528,926,3.05,3.10,3.17,2.79,2.10,1.60,1.51,1.55,1.59,1.60,1.74,1.75,1.73,1.66,1.68,1.70,1.71,1.72,1.73,1.73,1.74,1.74,1.75,1.75,1.76,1.76,1.76,1.76,1.76,1.76
154,Curaçao,531,915,5.07,5.10,4.40,3.80,2.87,2.45,2.25,2.30,2.28,2.13,2.26,2.18,2.12,1.76,1.72,1.71,1.71,1.71,1.71,1.71,1.71,1.72,1.72,1.73,1.73,1.74,1.74,1.75,1.75,1.75
150,Aruba,533,915,5.65,5.15,4.40,3.30,2.65,2.45,2.36,2.30,2.17,1.95,1.82,1.76,1.80,1.90,1.88,1.87,1.86,1.85,1.84,1.84,1.84,1.83,1.83,1.82,1.82,1.82,1.82,1.82,1.82,1.82
195,New Caledonia,540,928,5.22,5.22,5.22,5.21,5.20,3.91,3.34,3.12,2.92,2.59,2.32,2.28,2.18,1.97,1.90,1.85,1.82,1.79,1.78,1.76,1.75,1.74,1.74,1.74,1.74,1.74,1.74,1.75,1.75,1.75
198,Vanuatu,548,928,7.60,7.35,7.00,6.46,6.11,5.75,5.40,5.04,4.83,4.59,4.40,4.20,4.00,3.80,3.62,3.45,3.30,3.17,3.05,2.94,2.84,2.75,2.67,2.59,2.50,2.42,2.35,2.28,2.21,2.16
191,New Zealand,554,927,3.69,4.07,3.85,3.35,2.84,2.18,1.97,2.03,2.07,1.95,1.95,2.14,2.04,1.90,1.85,1.81,1.79,1.77,1.75,1.74,1.74,1.73,1.73,1.73,1.73,1.73,1.73,1.74,1.74,1.74
173,Nicaragua,558,916,7.20,7.45,7.20,6.95,6.75,6.35,5.85,5.00,4.20,3.40,2.91,2.68,2.54,2.42,2.28,2.16,2.07,1.99,1.93,1.88,1.83,1.81,1.78,1.77,1.76,1.76,1.75,1.75,1.75,1.75
75,Niger,562,914,7.30,7.40,7.50,7.55,7.60,7.75,7.90,7.80,7.75,7.70,7.65,7.55,7.35,6.95,6.51,6.04,5.57,5.12,4.70,4.32,3.98,3.67,3.41,3.18,2.99,2.82,2.68,2.57,2.45,2.36
76,Nigeria,566,914,6.35,6.35,6.35,6.35,6.61,6.76,6.76,6.60,6.37,6.17,6.05,5.91,5.74,5.42,5.08,4.74,4.41,4.11,3.82,3.56,3.35,3.15,2.98,2.83,2.70,2.60,2.49,2.40,2.32,2.26
229,Norway,578,924,2.60,2.84,2.90,2.80,2.35,1.81,1.69,1.80,1.89,1.86,1.81,1.92,1.82,1.68,1.70,1.71,1.72,1.73,1.74,1.75,1.75,1.75,1.76,1.76,1.76,1.77,1.77,1.77,1.77,1.77
202,Micronesia (Fed. States of),583,954,7.20,7.00,6.90,6.90,6.90,6.40,6.00,5.20,4.79,4.53,4.05,3.62,3.33,3.08,2.87,2.71,2.57,2.44,2.34,2.25,2.17,2.09,2.02,1.97,1.92,1.88,1.85,1.83,1.80,1.79
123,Pakistan,586,5501,6.60,6.60,6.60,6.60,6.60,6.60,6.44,6.30,5.96,5.37,4.71,4.17,3.78,3.55,3.24,2.99,2.79,2.62,2.49,2.37,2.27,2.18,2.11,2.03,1.98,1.93,1.89,1.86,1.83,1.81
174,Panama,591,916,5.76,5.87,5.79,5.41,4.88,4.19,3.63,3.24,2.92,2.81,2.68,2.63,2.60,2.47,2.37,2.27,2.19,2.11,2.05,2.00,1.95,1.91,1.88,1.86,1.84,1.82,1.81,1.80,1.79,1.79
196,Papua New Guinea,598,928,6.24,6.26,6.28,6.21,6.09,5.87,5.47,4.97,4.70,4.64,4.39,4.13,3.84,3.59,3.38,3.19,3.04,2.89,2.78,2.67,2.57,2.49,2.40,2.33,2.25,2.19,2.12,2.06,2.02,1.97
184,Paraguay,600,931,6.50,6.50,6.45,6.15,5.35,5.20,5.12,4.77,4.31,3.88,3.24,2.89,2.60,2.45,2.33,2.23,2.14,2.07,2.00,1.94,1.90,1.85,1.82,1.80,1.78,1.76,1.75,1.74,1.74,1.74
185,Peru,604,931,6.95,6.95,6.88,6.55,6.03,5.37,4.73,4.20,3.62,3.05,2.72,2.68,2.40,2.27,2.16,2.07,1.99,1.92,1.86,1.82,1.78,1.76,1.75,1.73,1.73,1.72,1.72,1.72,1.72,1.72
142,Philippines,608,920,7.42,7.27,6.98,6.54,5.98,5.46,4.92,4.53,4.14,3.90,3.70,3.30,3.05,2.58,2.45,2.34,2.24,2.15,2.07,2.01,1.95,1.89,1.85,1.82,1.79,1.77,1.75,1.74,1.73,1.73
214,Poland,616,923,3.63,3.47,2.72,2.33,2.23,2.23,2.31,2.16,1.95,1.51,1.26,1.37,1.33,1.42,1.47,1.51,1.54,1.57,1.60,1.62,1.64,1.66,1.67,1.68,1.69,1.70,1.71,1.72,1.72,1.73
241,Portugal,620,925,3.10,3.12,3.19,3.12,2.83,2.55,2.01,1.62,1.48,1.46,1.45,1.37,1.28,1.29,1.35,1.40,1.45,1.49,1.53,1.56,1.59,1.61,1.63,1.64,1.66,1.67,1.68,1.69,1.70,1.71
71,Guinea-Bissau,624,914,5.90,5.90,5.95,6.00,6.10,6.25,6.70,6.68,6.50,6.05,5.60,5.20,4.90,4.51,4.16,3.86,3.60,3.36,3.18,3.00,2.86,2.73,2.63,2.52,2.43,2.34,2.26,2.19,2.12,2.06
145,Timor-Leste,626,920,6.55,6.40,6.20,5.80,5.50,5.00,5.50,5.40,5.60,5.80,6.25,5.30,4.40,4.10,3.60,3.21,2.91,2.69,2.51,2.38,2.25,2.15,2.07,2.00,1.94,1.89,1.86,1.83,1.81,1.79
161,Puerto Rico,630,915,4.97,4.82,4.37,3.41,2.99,2.76,2.46,2.26,2.18,1.99,1.85,1.72,1.50,1.22,1.18,1.18,1.23,1.29,1.35,1.41,1.45,1.50,1.53,1.57,1.59,1.61,1.63,1.65,1.66,1.67
101,Qatar,634,922,6.97,6.97,6.97,6.97,6.75,6.10,5.45,4.40,3.74,3.46,2.95,2.23,2.00,1.88,1.78,1.69,1.62,1.58,1.56,1.56,1.56,1.57,1.58,1.60,1.62,1.63,1.65,1.66,1.67,1.68
38,Réunion,638,910,6.93,6.57,6.56,5.67,3.88,3.12,2.78,2.71,2.41,2.33,2.45,2.40,2.40,2.27,2.16,2.07,2.01,1.95,1.91,1.88,1.86,1.84,1.83,1.82,1.81,1.81,1.80,1.80,1.79,1.79
216,Romania,642,923,3.06,2.74,2.10,2.87,2.65,2.55,2.22,2.27,1.51,1.32,1.29,1.51,1.51,1.62,1.65,1.67,1.69,1.70,1.71,1.72,1.73,1.74,1.74,1.74,1.75,1.75,1.76,1.76,1.76,1.76
217,Russian Federation,643,923,2.85,2.82,2.55,2.02,2.03,1.94,2.04,2.12,1.55,1.25,1.30,1.46,1.70,1.82,1.82,1.83,1.83,1.83,1.83,1.83,1.83,1.83,1.84,1.84,1.84,1.84,1.84,1.84,1.84,1.84
39,Rwanda,646,910,8.00,8.15,8.20,8.20,8.28,8.43,8.38,7.80,6.55,5.90,5.40,4.85,4.25,4.10,3.73,3.43,3.17,2.94,2.76,2.59,2.44,2.30,2.18,2.08,1.99,1.92,1.87,1.83,1.80,1.78
162,Saint Lucia,662,915,6.00,6.94,6.79,6.48,5.69,5.20,4.20,3.65,3.15,2.60,1.85,1.60,1.51,1.44,1.38,1.34,1.34,1.37,1.40,1.44,1.48,1.51,1.55,1.58,1.60,1.62,1.64,1.65,1.67,1.68
163,Saint Vincent and the Grenadines,670,915,7.33,7.33,7.02,6.41,5.54,4.42,3.64,3.10,2.85,2.55,2.24,2.13,2.01,1.90,1.81,1.74,1.70,1.67,1.66,1.65,1.65,1.66,1.67,1.68,1.69,1.69,1.70,1.71,1.72,1.72
56,Sao Tome and Principe,678,911,6.20,6.20,6.30,6.40,6.52,6.50,6.24,5.96,5.68,5.30,5.08,4.85,4.60,4.35,4.08,3.84,3.63,3.43,3.26,3.11,2.99,2.87,2.76,2.67,2.58,2.49,2.42,2.34,2.27,2.20
102,Saudi Arabia,682,922,7.18,7.18,7.26,7.26,7.30,7.28,7.02,6.22,5.55,4.40,3.65,3.23,2.73,2.34,2.17,2.04,1.92,1.83,1.75,1.70,1.67,1.65,1.64,1.64,1.65,1.65,1.66,1.67,1.68,1.69
77,Senegal,686,914,6.80,6.90,7.10,7.25,7.25,7.25,7.25,6.70,6.20,5.70,5.25,5.10,5.00,4.65,4.34,4.07,3.83,3.62,3.42,3.26,3.11,2.99,2.87,2.76,2.66,2.57,2.48,2.40,2.32,2.24
242,Serbia,688,925,3.22,2.57,2.51,2.43,2.36,2.37,2.32,2.23,1.96,1.83,1.71,1.58,1.46,1.46,1.42,1.42,1.44,1.48,1.51,1.54,1.57,1.59,1.61,1.63,1.65,1.66,1.68,1.69,1.70,1.71
40,Seychelles,690,910,5.00,5.00,5.59,5.92,5.38,4.27,3.51,2.94,2.57,2.18,2.20,2.30,2.38,2.46,2.34,2.24,2.15,2.08,2.02,1.98,1.94,1.91,1.89,1.87,1.85,1.84,1.84,1.83,1.82,1.81
78,Sierra Leone,694,914,6.03,6.03,6.25,6.41,6.57,6.65,6.72,6.72,6.69,6.48,6.11,5.57,4.84,4.32,3.86,3.47,3.15,2.91,2.72,2.56,2.42,2.31,2.21,2.12,2.05,1.98,1.93,1.89,1.86,1.83
143,Singapore,702,920,6.61,6.34,5.12,3.65,2.82,1.84,1.69,1.70,1.73,1.57,1.35,1.26,1.23,1.21,1.24,1.27,1.30,1.32,1.34,1.37,1.38,1.40,1.42,1.43,1.44,1.45,1.46,1.47,1.48,1.49
218,Slovakia,703,923,3.50,3.24,2.91,2.54,2.51,2.46,2.27,2.15,1.87,1.40,1.22,1.32,1.38,1.50,1.55,1.59,1.63,1.65,1.67,1.69,1.70,1.71,1.72,1.73,1.74,1.74,1.75,1.75,1.75,1.75
146,Viet Nam,704,920,5.40,6.16,6.42,6.46,6.33,5.50,4.60,3.85,3.23,2.25,1.92,1.93,1.96,2.06,2.02,1.99,1.97,1.95,1.93,1.92,1.91,1.90,1.89,1.89,1.88,1.88,1.87,1.87,1.86,1.86
243,Slovenia,705,925,2.68,2.38,2.34,2.27,2.20,2.16,1.93,1.65,1.33,1.25,1.21,1.44,1.58,1.60,1.64,1.66,1.69,1.71,1.72,1.73,1.74,1.75,1.75,1.76,1.76,1.76,1.77,1.77,1.77,1.77
41,Somalia,706,910,7.25,7.25,7.25,7.25,7.10,7.00,7.07,7.26,7.53,7.70,7.47,7.10,6.61,6.12,5.66,5.24,4.84,4.47,4.15,3.87,3.63,3.41,3.22,3.06,2.91,2.79,2.67,2.57,2.47,2.37
62,South Africa,710,913,6.05,6.05,6.00,5.80,5.50,5.05,4.90,4.40,3.51,2.88,2.61,2.63,2.55,2.41,2.31,2.22,2.14,2.07,2.00,1.96,1.91,1.88,1.85,1.83,1.81,1.80,1.79,1.78,1.78,1.77
46,Zimbabwe,716,910,6.80,7.00,7.30,7.40,7.40,7.30,6.30,5.37,4.42,3.89,3.72,3.89,4.09,3.63,3.32,3.07,2.86,2.69,2.53,2.40,2.28,2.17,2.09,2.02,1.96,1.91,1.88,1.85,1.83,1.82
244,Spain,724,925,2.53,2.70,2.81,2.84,2.85,2.55,1.88,1.46,1.28,1.19,1.28,1.45,1.33,1.33,1.39,1.44,1.48,1.51,1.54,1.57,1.59,1.61,1.62,1.63,1.65,1.65,1.66,1.67,1.68,1.69
42,South Sudan,728,910,6.65,6.70,6.75,6.85,6.90,6.92,6.78,6.83,6.65,6.42,6.00,5.60,5.15,4.74,4.36,4.02,3.72,3.45,3.23,3.04,2.88,2.74,2.63,2.52,2.42,2.34,2.25,2.18,2.12,2.06
86,Sudan,729,912,6.65,6.65,6.75,6.86,6.90,6.92,6.63,6.30,6.00,5.65,5.30,5.00,4.75,4.43,4.15,3.91,3.67,3.47,3.30,3.15,3.01,2.89,2.78,2.68,2.59,2.51,2.42,2.34,2.27,2.21
88,Western Sahara,732,912,6.34,6.42,6.53,6.60,6.57,6.23,5.33,4.60,4.00,3.40,2.85,2.55,2.60,2.41,2.27,2.15,2.05,1.97,1.90,1.85,1.80,1.77,1.76,1.75,1.74,1.74,1.73,1.74,1.74,1.74
186,Suriname,740,931,6.56,6.56,6.56,5.95,5.29,4.20,3.70,3.36,3.19,2.96,2.83,2.67,2.56,2.43,2.32,2.22,2.13,2.05,1.99,1.94,1.90,1.86,1.84,1.82,1.81,1.79,1.79,1.78,1.77,1.77
59,Eswatini,748,913,6.70,6.70,6.81,6.85,6.87,6.73,6.57,5.49,4.78,4.14,3.76,3.56,3.14,3.03,2.80,2.62,2.47,2.33,2.22,2.12,2.04,1.98,1.92,1.88,1.84,1.82,1.80,1.79,1.78,1.77
230,Sweden,752,924,2.24,2.25,2.31,2.17,1.91,1.66,1.64,1.91,2.01,1.56,1.67,1.89,1.90,1.85,1.84,1.84,1.84,1.84,1.83,1.83,1.83,1.83,1.83,1.83,1.83,1.83,1.83,1.83,1.83,1.83
252,Switzerland,756,926,2.31,2.39,2.60,2.36,1.87,1.54,1.54,1.55,1.54,1.48,1.41,1.47,1.53,1.54,1.56,1.57,1.59,1.61,1.62,1.63,1.64,1.65,1.65,1.66,1.67,1.67,1.68,1.68,1.68,1.69
104,Syrian Arab Republic,760,922,7.23,7.38,7.54,7.56,7.54,7.32,6.77,5.87,4.80,4.30,3.90,3.70,3.10,2.84,2.64,2.48,2.33,2.20,2.09,2.00,1.92,1.87,1.82,1.79,1.77,1.75,1.74,1.74,1.74,1.73
112,Tajikistan,762,5500,5.40,6.20,6.80,7.00,6.83,5.90,5.60,5.50,4.88,4.29,3.72,3.61,3.61,3.61,3.40,3.22,3.06,2.92,2.80,2.68,2.58,2.48,2.40,2.31,2.24,2.17,2.10,2.04,1.99,1.95
144,Thailand,764,920,6.14,6.14,6.13,5.99,5.05,3.92,2.95,2.30,1.99,1.77,1.60,1.56,1.53,1.53,1.46,1.42,1.42,1.45,1.48,1.51,1.54,1.57,1.59,1.61,1.63,1.65,1.67,1.68,1.69,1.70
79,Togo,768,914,6.33,6.42,6.65,6.94,7.20,7.28,7.06,6.50,5.90,5.54,5.31,5.04,4.69,4.35,4.06,3.81,3.58,3.39,3.22,3.06,2.93,2.81,2.70,2.60,2.50,2.41,2.33,2.25,2.18,2.12
206,Tonga,776,957,7.30,7.30,7.30,6.50,5.50,5.50,5.50,4.74,4.62,4.29,4.23,4.03,3.79,3.58,3.39,3.24,3.09,2.96,2.85,2.74,2.65,2.56,2.48,2.39,2.31,2.24,2.17,2.11,2.06,2.02
164,Trinidad and Tobago,780,915,5.30,5.30,5.04,3.81,3.45,3.24,3.28,2.75,2.18,1.82,1.75,1.80,1.80,1.73,1.67,1.64,1.63,1.63,1.63,1.64,1.65,1.66,1.67,1.68,1.69,1.70,1.70,1.71,1.72,1.72
106,United Arab Emirates,784,922,6.97,6.97,6.87,6.77,6.45,5.75,5.30,4.90,3.93,2.97,2.40,1.97,1.70,1.42,1.35,1.31,1.31,1.33,1.37,1.41,1.45,1.49,1.53,1.56,1.58,1.61,1.63,1.64,1.66,1.67
87,Tunisia,788,912,6.65,6.85,6.99,6.92,6.39,5.65,4.82,4.00,2.98,2.34,2.04,2.02,2.25,2.20,2.10,2.02,1.96,1.91,1.88,1.85,1.83,1.82,1.80,1.80,1.79,1.79,1.78,1.78,1.78,1.78
105,Turkey,792,922,6.69,6.50,6.20,5.80,5.39,4.69,4.11,3.39,2.90,2.65,2.37,2.20,2.12,2.08,1.99,1.92,1.87,1.82,1.78,1.76,1.74,1.73,1.72,1.72,1.72,1.72,1.72,1.72,1.73,1.73
113,Turkmenistan,795,5500,5.30,6.20,6.80,6.56,6.19,5.60,4.79,4.55,4.03,3.03,2.76,2.65,3.00,2.79,2.63,2.49,2.38,2.28,2.20,2.12,2.05,2.00,1.95,1.91,1.88,1.86,1.84,1.82,1.81,1.80
43,Uganda,800,910,6.90,6.95,7.05,7.12,7.10,7.10,7.10,7.10,7.06,6.95,6.75,6.38,5.78,5.01,4.44,3.93,3.50,3.14,2.88,2.68,2.51,2.38,2.26,2.17,2.08,2.01,1.95,1.90,1.86,1.83
219,Ukraine,804,923,2.81,2.70,2.13,2.02,2.08,1.98,2.00,1.95,1.62,1.24,1.15,1.38,1.49,1.44,1.44,1.47,1.51,1.55,1.57,1.60,1.62,1.63,1.65,1.66,1.67,1.68,1.69,1.69,1.70,1.70
240,North Macedonia,807,925,5.06,4.14,3.65,3.44,2.86,2.54,2.45,2.27,2.12,1.83,1.64,1.46,1.50,1.50,1.46,1.47,1.49,1.51,1.53,1.56,1.58,1.60,1.62,1.63,1.65,1.66,1.67,1.68,1.70,1.70
83,Egypt,818,912,6.75,6.75,6.65,6.45,6.00,5.70,5.49,5.00,4.15,3.60,3.15,3.02,3.45,3.33,3.13,2.96,2.82,2.70,2.59,2.50,2.41,2.32,2.25,2.18,2.11,2.06,2.01,1.97,1.93,1.91
231,United Kingdom,826,924,2.18,2.49,2.81,2.57,2.01,1.73,1.78,1.84,1.78,1.74,1.66,1.86,1.87,1.75,1.75,1.76,1.76,1.77,1.77,1.77,1.77,1.77,1.78,1.78,1.78,1.78,1.78,1.78,1.78,1.78
221,Channel Islands,830,924,2.06,2.22,2.56,2.36,1.86,1.52,1.44,1.45,1.52,1.58,1.47,1.56,1.58,1.50,1.54,1.57,1.59,1.61,1.63,1.64,1.66,1.67,1.68,1.68,1.69,1.69,1.69,1.70,1.70,1.71
44,United Republic of Tanzania,834,910,6.74,6.80,6.80,6.79,6.75,6.73,6.55,6.36,6.05,5.75,5.66,5.58,5.24,4.92,4.63,4.36,4.11,3.87,3.67,3.49,3.31,3.17,3.04,2.92,2.82,2.72,2.63,2.54,2.46,2.39
255,United States of America,840,918,3.31,3.58,3.23,2.54,2.03,1.77,1.80,1.91,2.03,2.00,2.04,2.06,1.88,1.78,1.78,1.79,1.80,1.80,1.80,1.81,1.81,1.81,1.81,1.82,1.82,1.82,1.82,1.82,1.82,1.82
165,United States Virgin Islands,850,915,5.25,5.49,5.67,5.52,4.66,3.49,2.97,3.02,2.79,2.19,2.14,2.42,2.29,2.05,1.97,1.92,1.88,1.85,1.82,1.80,1.79,1.78,1.78,1.77,1.77,1.77,1.76,1.76,1.77,1.77
65,Burkina Faso,854,914,6.10,6.24,6.35,6.56,6.70,7.02,7.17,7.07,6.93,6.73,6.43,6.08,5.65,5.23,4.83,4.48,4.14,3.84,3.58,3.35,3.14,2.97,2.82,2.69,2.59,2.48,2.39,2.31,2.24,2.17
187,Uruguay,858,931,2.73,2.83,2.90,2.80,3.00,2.89,2.57,2.53,2.49,2.30,2.18,2.03,2.01,1.98,1.92,1.89,1.86,1.83,1.81,1.79,1.78,1.77,1.76,1.76,1.76,1.76,1.76,1.76,1.76,1.76
114,Uzbekistan,860,5500,5.30,5.90,6.50,6.40,6.16,5.46,4.80,4.40,3.95,3.10,2.51,2.49,2.43,2.43,2.31,2.21,2.12,2.05,1.99,1.94,1.90,1.86,1.83,1.81,1.80,1.79,1.78,1.77,1.77,1.77
188,Venezuela (Bolivarian Republic of),862,931,6.46,6.46,6.18,5.70,4.94,4.47,3.96,3.65,3.25,2.94,2.72,2.55,2.40,2.28,2.18,2.10,2.03,1.96,1.90,1.85,1.82,1.79,1.77,1.76,1.75,1.74,1.74,1.74,1.73,1.74
205,Samoa,882,957,7.63,7.63,7.63,7.35,7.00,6.49,5.91,5.35,4.92,4.62,4.44,4.47,4.16,3.90,3.68,3.48,3.31,3.16,3.02,2.89,2.78,2.68,2.58,2.49,2.41,2.32,2.24,2.17,2.11,2.05
107,Yemen,887,922,7.80,7.90,8.00,8.25,8.50,8.60,8.80,8.80,8.20,6.80,5.90,5.00,4.40,3.84,3.43,3.09,2.82,2.59,2.39,2.22,2.08,1.95,1.86,1.78,1.72,1.69,1.68,1.67,1.67,1.67
45,Zambia,894,910,6.70,6.95,7.25,7.30,7.40,7.25,6.90,6.60,6.30,6.10,5.95,5.60,5.20,4.66,4.38,4.13,3.91,3.70,3.52,3.35,3.21,3.08,2.97,2.85,2.76,2.67,2.59,2.50,2.42,2.35
